{"cameraMode":{"drawMode":0,"name":"Shaded","section":"Shading Mode"},"sceneLighting":true,"audioPlay":false,"sceneViewState":{"m_AlwaysRefresh":false,"showFog":true,"showSkybox":false,"showFlares":true,"showImageEffects":true,"showParticleSystems":true,"showVisualEffectGraphs":true,"m_FxEnabled":true},"in2DMode":false,"pivot":{"x":9.675026893615723,"y":16.857650756835939,"z":-0.5327816605567932},"rotation":{"x":0.20258717238903047,"y":-0.002937824698165059,"z":0.0006077431025914848,"w":0.9792599081993103},"size":12.322059631347657,"orthographic":true}